id;notes;start_time;end_time
1;yowza;2024-12-17T18:44:56;2024-12-17T07:07:25
2;unto though aggravating;2024-12-17T11:00:49;2024-12-17T12:36:31
3;arcade other;2024-12-17T10:01:46;2024-12-17T04:03:55
4;shadowbox solace readmit;2024-12-17T01:49:32;2024-12-17T10:29:53
5;gadzooks;2024-12-17T10:09:33;2024-12-17T13:15:18
6;between;2024-12-17T15:57:56;2024-12-17T15:26:21
7;although sneak;2024-12-17T16:29:14;2024-12-17T23:08:58
8;loftily;2024-12-17T18:46:00;2024-12-17T16:13:39
9;towards softly;2024-12-17T14:31:31;2024-12-17T23:19:44
10;merrily knowingly hypothesize;2024-12-17T04:08:05;2024-12-17T08:20:58
